{
  "dataset": "Real Toxicity Prompts (Reddit)",
  "model": "mlp_model.pth",
  "samples_evaluated": 10000,
  "accuracy": 0.7422,
  "precision": 0.2756756756756757,
  "recall": 0.11789181692094314,
  "f1": 0.16515544041450778,
  "roc_auc": 0.4978650769955646,
  "confusion_matrix": {
    "tn": 7167,
    "fp": 670,
    "fn": 1908,
    "tp": 255
  },
  "support": {
    "non_toxic": 7837,
    "toxic": 2163
  }
}