{
  "model": "bertweet_model.pth",
  "sample_fraction": 1,
  "validation_samples": 15958,
  "accuracy": 0.981701967665121,
  "precision": 0.9177652228499686,
  "recall": 0.9008009858287123,
  "f1": 0.9092039800995025,
  "roc_auc": 0.9943119712039675,
  "confusion_matrix": {
    "tn": 14204,
    "fp": 131,
    "fn": 161,
    "tp": 1462
  },
  "support": {
    "non_toxic": 14335,
    "toxic": 1623
  }
}