{
  "model": "mlp_model.pth",
  "sample_fraction": 0.1,
  "validation_samples": 1596,
  "binary": {
    "accuracy": 0.8458646616541353,
    "precision": 0.27638190954773867,
    "recall": 0.3503184713375796,
    "f1": 0.3089887640449438,
    "roc_auc": 0.706515051588373,
    "confusion_matrix": {
      "tn": 1295,
      "fp": 144,
      "fn": 102,
      "tp": 55
    }
  },
  "per_class": {
    "toxic": {
      "precision": 0.2676767676767677,
      "recall": 0.36054421768707484,
      "f1": 0.3072463768115942,
      "accuracy": 0.850250626566416
    },
    "severe_toxic": {
      "precision": 0.2,
      "recall": 0.07692307692307693,
      "f1": 0.1111111111111111,
      "accuracy": 0.9899749373433584
    },
    "obscene": {
      "precision": 0.2796610169491525,
      "recall": 0.3707865168539326,
      "f1": 0.3188405797101449,
      "accuracy": 0.9116541353383458
    },
    "threat": {
      "precision": 0.0,
      "recall": 0.0,
      "f1": 0.0,
      "accuracy": 0.9974937343358395
    },
    "insult": {
      "precision": 0.2702702702702703,
      "recall": 0.38461538461538464,
      "f1": 0.31746031746031744,
      "accuracy": 0.9191729323308271
    },
    "identity_hate": {
      "precision": 0.0,
      "recall": 0.0,
      "f1": 0.0,
      "accuracy": 0.9912280701754386
    }
  }
}