{
  "dataset": "Real Toxicity Prompts (Reddit)",
  "model": "bertweet_model.pth",
  "samples_evaluated": 10000,
  "accuracy": 0.8893,
  "precision": 0.9,
  "recall": 0.5492371705963939,
  "f1": 0.6821705426356589,
  "roc_auc": 0.9345485640710806,
  "confusion_matrix": {
    "tn": 7705,
    "fp": 132,
    "fn": 975,
    "tp": 1188
  },
  "support": {
    "non_toxic": 7837,
    "toxic": 2163
  }
}